project_id,project_title,author_name,photo_title,file_name,cloudinary_url
"zp_proj_1780223027577","La herida","Álvaro Minguito Palomares","","Premio Zampa La Herida 18.jpg","https://res.cloudinary.com/dz1n0g9yg/image/upload/v1780422953/FemReptes/Zampa_2026/zp_proj_1780223027577/c08lgn7qddidtnw3qgnh.jpg"
"zp_proj_1780223027577","La herida","Álvaro Minguito Palomares","","Premio Zampa La Herida 17.jpg","https://res.cloudinary.com/dz1n0g9yg/image/upload/v1780422951/FemReptes/Zampa_2026/zp_proj_1780223027577/zthslklosbtgtfyeavkk.jpg"
"zp_proj_1780223027577","La herida","Álvaro Minguito Palomares","","Premio Zampa La Herida 16.jpg","https://res.cloudinary.com/dz1n0g9yg/image/upload/v1780422950/FemReptes/Zampa_2026/zp_proj_1780223027577/h7eagfj2wne0jy8e3ev2.jpg"
"zp_proj_1780223027577","La herida","Álvaro Minguito Palomares","","Premio Zampa La Herida 15.jpg","https://res.cloudinary.com/dz1n0g9yg/image/upload/v1780422948/FemReptes/Zampa_2026/zp_proj_1780223027577/iy6a6kbm2497y2qsk93r.jpg"
"zp_proj_1780223027577","La herida","Álvaro Minguito Palomares","","Premio Zampa La Herida 14.jpg","https://res.cloudinary.com/dz1n0g9yg/image/upload/v1780422946/FemReptes/Zampa_2026/zp_proj_1780223027577/qehfpojlcq409qjmgcv3.jpg"
"zp_proj_1780223027577","La herida","Álvaro Minguito Palomares","","Premio Zampa La Herida 13.jpg","https://res.cloudinary.com/dz1n0g9yg/image/upload/v1780422945/FemReptes/Zampa_2026/zp_proj_1780223027577/hiqriv63eha2m6jrirvu.jpg"
"zp_proj_1780223027577","La herida","Álvaro Minguito Palomares","","Premio Zampa La Herida 12.jpg","https://res.cloudinary.com/dz1n0g9yg/image/upload/v1780422943/FemReptes/Zampa_2026/zp_proj_1780223027577/j4hzlltro6urbxobhymd.jpg"
"zp_proj_1780223027577","La herida","Álvaro Minguito Palomares","","Premio Zampa La Herida 11.jpg","https://res.cloudinary.com/dz1n0g9yg/image/upload/v1780422941/FemReptes/Zampa_2026/zp_proj_1780223027577/miv6q8fev7lbplwgdsoc.jpg"
"zp_proj_1780223027577","La herida","Álvaro Minguito Palomares","","Premio Zampa La Herida 10.jpg","https://res.cloudinary.com/dz1n0g9yg/image/upload/v1780422940/FemReptes/Zampa_2026/zp_proj_1780223027577/vu41ae3a0w8swxvwra6f.jpg"
"zp_proj_1780223027577","La herida","Álvaro Minguito Palomares","","Premio Zampa La Herida 9.jpg","https://res.cloudinary.com/dz1n0g9yg/image/upload/v1780422938/FemReptes/Zampa_2026/zp_proj_1780223027577/ghyfjdethr7spwsl9qzj.jpg"
"zp_proj_1780223027577","La herida","Álvaro Minguito Palomares","","Premio Zampa La Herida 8.jpg","https://res.cloudinary.com/dz1n0g9yg/image/upload/v1780422937/FemReptes/Zampa_2026/zp_proj_1780223027577/ic64rfjx0phqy9dskx20.jpg"
"zp_proj_1780223027577","La herida","Álvaro Minguito Palomares","","Premio Zampa La Herida 7.jpg","https://res.cloudinary.com/dz1n0g9yg/image/upload/v1780422936/FemReptes/Zampa_2026/zp_proj_1780223027577/qtwtti62kmsqiy4a45gp.jpg"
"zp_proj_1780223027577","La herida","Álvaro Minguito Palomares","","Premio Zampa La Herida 6.jpg","https://res.cloudinary.com/dz1n0g9yg/image/upload/v1780422934/FemReptes/Zampa_2026/zp_proj_1780223027577/qsvbn5wameydx8katnjw.jpg"
"zp_proj_1780223027577","La herida","Álvaro Minguito Palomares","","Premio Zampa La Herida 5.jpg","https://res.cloudinary.com/dz1n0g9yg/image/upload/v1780422932/FemReptes/Zampa_2026/zp_proj_1780223027577/hkjbrdgnljsmxnwrjonm.jpg"
"zp_proj_1780223027577","La herida","Álvaro Minguito Palomares","","Premio Zampa La Herida 4.jpg","https://res.cloudinary.com/dz1n0g9yg/image/upload/v1780422931/FemReptes/Zampa_2026/zp_proj_1780223027577/qz52itkws8svcaqb7w2p.jpg"
"zp_proj_1780223027577","La herida","Álvaro Minguito Palomares","","Premio Zampa La Herida 3.jpg","https://res.cloudinary.com/dz1n0g9yg/image/upload/v1780422929/FemReptes/Zampa_2026/zp_proj_1780223027577/zzinksnrqojn3whzeu5u.jpg"
"zp_proj_1780223027577","La herida","Álvaro Minguito Palomares","","Premio Zampa La Herida 2.jpg","https://res.cloudinary.com/dz1n0g9yg/image/upload/v1780422927/FemReptes/Zampa_2026/zp_proj_1780223027577/veux3dmvcdmctaxiiscg.jpg"
"zp_proj_1780223027577","La herida","Álvaro Minguito Palomares","","Premio Zampa La Herida 1.jpg","https://res.cloudinary.com/dz1n0g9yg/image/upload/v1780422925/FemReptes/Zampa_2026/zp_proj_1780223027577/mmxwj9tm4seshlxw3aqg.jpg"
"zp_proj_1780223087506","La Pérdida","George Ramos","","LA PÉRDIDA_012.jpg","https://res.cloudinary.com/dz1n0g9yg/image/upload/v1780423197/FemReptes/Zampa_2026/zp_proj_1780223087506/c7qg15uavhlxb7eiu8ao.jpg"
"zp_proj_1780223087506","La Pérdida","George Ramos","","LA PÉRDIDA_011.jpg","https://res.cloudinary.com/dz1n0g9yg/image/upload/v1780423196/FemReptes/Zampa_2026/zp_proj_1780223087506/iwiwg3szyhjtxulbtirc.jpg"
"zp_proj_1780223087506","La Pérdida","George Ramos","","LA PÉRDIDA_010.jpg","https://res.cloudinary.com/dz1n0g9yg/image/upload/v1780423194/FemReptes/Zampa_2026/zp_proj_1780223087506/jfhedundwxpdq1hht7as.jpg"
"zp_proj_1780223087506","La Pérdida","George Ramos","","LA PÉRDIDA_009.jpg","https://res.cloudinary.com/dz1n0g9yg/image/upload/v1780423192/FemReptes/Zampa_2026/zp_proj_1780223087506/cthcodxyyy1ulsuqd83z.jpg"
"zp_proj_1780223087506","La Pérdida","George Ramos","","LA PÉRDIDA_008.jpg","https://res.cloudinary.com/dz1n0g9yg/image/upload/v1780423191/FemReptes/Zampa_2026/zp_proj_1780223087506/esxgo1mducbra4kwu3dl.jpg"
"zp_proj_1780223087506","La Pérdida","George Ramos","","LA PÉRDIDA_007.jpg","https://res.cloudinary.com/dz1n0g9yg/image/upload/v1780423190/FemReptes/Zampa_2026/zp_proj_1780223087506/cfdeafkxnazkvf6d9tv7.jpg"
"zp_proj_1780223087506","La Pérdida","George Ramos","","LA PÉRDIDA_006.jpg","https://res.cloudinary.com/dz1n0g9yg/image/upload/v1780423188/FemReptes/Zampa_2026/zp_proj_1780223087506/up6jughxsjn9gslownpy.jpg"
"zp_proj_1780223087506","La Pérdida","George Ramos","","LA PÉRDIDA_005.jpg","https://res.cloudinary.com/dz1n0g9yg/image/upload/v1780423187/FemReptes/Zampa_2026/zp_proj_1780223087506/aagqcmrglscofrliuqrq.jpg"
"zp_proj_1780223087506","La Pérdida","George Ramos","","LA PÉRDIDA_004.jpg","https://res.cloudinary.com/dz1n0g9yg/image/upload/v1780423186/FemReptes/Zampa_2026/zp_proj_1780223087506/zxmbsmnukcpxvgyoae7g.jpg"
"zp_proj_1780223087506","La Pérdida","George Ramos","","LA PÉRDIDA_003.jpg","https://res.cloudinary.com/dz1n0g9yg/image/upload/v1780423185/FemReptes/Zampa_2026/zp_proj_1780223087506/dlet7bju8myvjmiz7ana.jpg"
"zp_proj_1780223087506","La Pérdida","George Ramos","","LA PÉRDIDA_002.jpg","https://res.cloudinary.com/dz1n0g9yg/image/upload/v1780423184/FemReptes/Zampa_2026/zp_proj_1780223087506/thwavgr0bysvhw7hxn3v.jpg"
"zp_proj_1780223087506","La Pérdida","George Ramos","","LA PÉRDIDA_001.jpg","https://res.cloudinary.com/dz1n0g9yg/image/upload/v1780423182/FemReptes/Zampa_2026/zp_proj_1780223087506/imanxhkldfufxfejfnrr.jpg"
"zp_proj_1780223027577","La herida","Álvaro Minguito Palomares","","Premio Zampa La Herida 20.jpg","https://res.cloudinary.com/dz1n0g9yg/image/upload/v1780422956/FemReptes/Zampa_2026/zp_proj_1780223027577/ga733qgabyazolgmlpzb.jpg"
"zp_proj_1780223027577","La herida","Álvaro Minguito Palomares","","Premio Zampa La Herida 19.jpg","https://res.cloudinary.com/dz1n0g9yg/image/upload/v1780422955/FemReptes/Zampa_2026/zp_proj_1780223027577/mxvgdgccqucejrw7uano.jpg"
"zp_proj_1780223051291","Alen do Lago","Carlos Folgoso","","Alendolago_020.jpg","https://res.cloudinary.com/dz1n0g9yg/image/upload/v1780423058/FemReptes/Zampa_2026/zp_proj_1780223051291/mogeq5rcoxf9wvycr5eu.jpg"
"zp_proj_1780223051291","Alen do Lago","Carlos Folgoso","","Alendolago_019.jpg","https://res.cloudinary.com/dz1n0g9yg/image/upload/v1780423056/FemReptes/Zampa_2026/zp_proj_1780223051291/odpgulopon1rfnsmgfi4.jpg"
"zp_proj_1780223051291","Alen do Lago","Carlos Folgoso","","Alendolago_018.jpg","https://res.cloudinary.com/dz1n0g9yg/image/upload/v1780423055/FemReptes/Zampa_2026/zp_proj_1780223051291/hjb0ffe3ctppefrohyqt.jpg"
"zp_proj_1780223051291","Alen do Lago","Carlos Folgoso","","Alendolago_017.jpg","https://res.cloudinary.com/dz1n0g9yg/image/upload/v1780423054/FemReptes/Zampa_2026/zp_proj_1780223051291/tcyvbsyco4rtgmh1iijf.jpg"
"zp_proj_1780223051291","Alen do Lago","Carlos Folgoso","","Alendolago_016.jpg","https://res.cloudinary.com/dz1n0g9yg/image/upload/v1780423052/FemReptes/Zampa_2026/zp_proj_1780223051291/py3bn2peqmufoxf870wg.jpg"
"zp_proj_1780223051291","Alen do Lago","Carlos Folgoso","","Alendolago_015.jpg","https://res.cloudinary.com/dz1n0g9yg/image/upload/v1780423051/FemReptes/Zampa_2026/zp_proj_1780223051291/fppmopaflnirbgpbdjfu.jpg"
"zp_proj_1780223051291","Alen do Lago","Carlos Folgoso","","Alendolago_014.jpg","https://res.cloudinary.com/dz1n0g9yg/image/upload/v1780423049/FemReptes/Zampa_2026/zp_proj_1780223051291/czwovohqgwe1okrieviz.jpg"
"zp_proj_1780223051291","Alen do Lago","Carlos Folgoso","","Alendolago_013.jpg","https://res.cloudinary.com/dz1n0g9yg/image/upload/v1780423047/FemReptes/Zampa_2026/zp_proj_1780223051291/tffc8sd9plyolstb03pa.jpg"
"zp_proj_1780223051291","Alen do Lago","Carlos Folgoso","","Alendolago_012.jpg","https://res.cloudinary.com/dz1n0g9yg/image/upload/v1780423046/FemReptes/Zampa_2026/zp_proj_1780223051291/flwzbmuip17ebqonjhco.jpg"
"zp_proj_1780223051291","Alen do Lago","Carlos Folgoso","","Alendolago_011.jpg","https://res.cloudinary.com/dz1n0g9yg/image/upload/v1780423045/FemReptes/Zampa_2026/zp_proj_1780223051291/jgbxafzib0panxnueo5t.jpg"
"zp_proj_1780223051291","Alen do Lago","Carlos Folgoso","","Alendolago_010.jpg","https://res.cloudinary.com/dz1n0g9yg/image/upload/v1780423043/FemReptes/Zampa_2026/zp_proj_1780223051291/vzrmco1n0zpkc9oq8mw0.jpg"
"zp_proj_1780223051291","Alen do Lago","Carlos Folgoso","","Alendolago_009.jpg","https://res.cloudinary.com/dz1n0g9yg/image/upload/v1780423041/FemReptes/Zampa_2026/zp_proj_1780223051291/s0yvpvuy5xqp3cfh6h1h.jpg"
"zp_proj_1780223051291","Alen do Lago","Carlos Folgoso","","Alendolago_008.jpg","https://res.cloudinary.com/dz1n0g9yg/image/upload/v1780423040/FemReptes/Zampa_2026/zp_proj_1780223051291/h9bsgwzt415wl6w24bu9.jpg"
"zp_proj_1780223051291","Alen do Lago","Carlos Folgoso","","Alendolago_007.jpg","https://res.cloudinary.com/dz1n0g9yg/image/upload/v1780423038/FemReptes/Zampa_2026/zp_proj_1780223051291/enoy1hey9rblsem338hy.jpg"
"zp_proj_1780223051291","Alen do Lago","Carlos Folgoso","","Alendolago_006.jpg","https://res.cloudinary.com/dz1n0g9yg/image/upload/v1780423037/FemReptes/Zampa_2026/zp_proj_1780223051291/bf0coxcwm63runrc0jpz.jpg"
"zp_proj_1780223051291","Alen do Lago","Carlos Folgoso","","Alendolago_005.jpg","https://res.cloudinary.com/dz1n0g9yg/image/upload/v1780423036/FemReptes/Zampa_2026/zp_proj_1780223051291/tgisluamj5aqpircqko7.jpg"
"zp_proj_1780223051291","Alen do Lago","Carlos Folgoso","","Alendolago_004.jpg","https://res.cloudinary.com/dz1n0g9yg/image/upload/v1780423034/FemReptes/Zampa_2026/zp_proj_1780223051291/xrbpvplynvmbiymvakvy.jpg"
"zp_proj_1780223051291","Alen do Lago","Carlos Folgoso","","Alendolago_003.jpg","https://res.cloudinary.com/dz1n0g9yg/image/upload/v1780423033/FemReptes/Zampa_2026/zp_proj_1780223051291/vemlfrtbyk0uov6uavwr.jpg"
"zp_proj_1780223051291","Alen do Lago","Carlos Folgoso","","Alendolago_002.jpg","https://res.cloudinary.com/dz1n0g9yg/image/upload/v1780423031/FemReptes/Zampa_2026/zp_proj_1780223051291/bpi2ativhce2vw2hvcyj.jpg"
"zp_proj_1780223051291","Alen do Lago","Carlos Folgoso","","Alendolago_001.jpg","https://res.cloudinary.com/dz1n0g9yg/image/upload/v1780423029/FemReptes/Zampa_2026/zp_proj_1780223051291/kh3cxa3j3okmzgad1qlf.jpg"
"zp_proj_1780223127861","Beyond the border","Hanna Jarzabek","","BeyondTheBorder_017.jpg","https://res.cloudinary.com/dz1n0g9yg/image/upload/v1780423314/FemReptes/Zampa_2026/zp_proj_1780223127861/fosfxisc3p7qxvjiqig2.jpg"
"zp_proj_1780223127861","Beyond the border","Hanna Jarzabek","","BeyondTheBorder_016.jpg","https://res.cloudinary.com/dz1n0g9yg/image/upload/v1780423310/FemReptes/Zampa_2026/zp_proj_1780223127861/ap4a73iy06q0u3r2kwuu.jpg"
"zp_proj_1780223127861","Beyond the border","Hanna Jarzabek","","BeyondTheBorder_015.jpg","https://res.cloudinary.com/dz1n0g9yg/image/upload/v1780423309/FemReptes/Zampa_2026/zp_proj_1780223127861/stqpoeweu6iq2i9ywrda.jpg"
"zp_proj_1780223127861","Beyond the border","Hanna Jarzabek","","BeyondTheBorder_014.jpg","https://res.cloudinary.com/dz1n0g9yg/image/upload/v1780423308/FemReptes/Zampa_2026/zp_proj_1780223127861/isvceciumtwy3j4aztvg.jpg"
"zp_proj_1780223127861","Beyond the border","Hanna Jarzabek","","BeyondTheBorder_013.jpg","https://res.cloudinary.com/dz1n0g9yg/image/upload/v1780423306/FemReptes/Zampa_2026/zp_proj_1780223127861/t6kefoi8cavb8ded8ouk.jpg"
"zp_proj_1780223127861","Beyond the border","Hanna Jarzabek","","BeyondTheBorder_012.jpg","https://res.cloudinary.com/dz1n0g9yg/image/upload/v1780423305/FemReptes/Zampa_2026/zp_proj_1780223127861/gzijfrhzskf2xtuyyl8d.jpg"
"zp_proj_1780223127861","Beyond the border","Hanna Jarzabek","","BeyondTheBorder_011.jpg","https://res.cloudinary.com/dz1n0g9yg/image/upload/v1780423304/FemReptes/Zampa_2026/zp_proj_1780223127861/a6adhmr6zphdbnuth8mi.jpg"
"zp_proj_1780223127861","Beyond the border","Hanna Jarzabek","","BeyondTheBorder_010.jpg","https://res.cloudinary.com/dz1n0g9yg/image/upload/v1780423302/FemReptes/Zampa_2026/zp_proj_1780223127861/aolpd5bnjv1fsk2bqd74.jpg"
"zp_proj_1780223127861","Beyond the border","Hanna Jarzabek","","BeyondTheBorder_009.jpg","https://res.cloudinary.com/dz1n0g9yg/image/upload/v1780423299/FemReptes/Zampa_2026/zp_proj_1780223127861/f07lbx2epxyfgbyvnbkv.jpg"
"zp_proj_1780223127861","Beyond the border","Hanna Jarzabek","","BeyondTheBorder_008.jpg","https://res.cloudinary.com/dz1n0g9yg/image/upload/v1780423296/FemReptes/Zampa_2026/zp_proj_1780223127861/k2yilwxzqkltj6jvfxl6.jpg"
"zp_proj_1780223127861","Beyond the border","Hanna Jarzabek","","BeyondTheBorder_007.jpg","https://res.cloudinary.com/dz1n0g9yg/image/upload/v1780423294/FemReptes/Zampa_2026/zp_proj_1780223127861/zwxqubscgycomqykroqt.jpg"
"zp_proj_1780223127861","Beyond the border","Hanna Jarzabek","","BeyondTheBorder_006.jpg","https://res.cloudinary.com/dz1n0g9yg/image/upload/v1780423292/FemReptes/Zampa_2026/zp_proj_1780223127861/tf4pwujkhz0dq599ejre.jpg"
"zp_proj_1780223127861","Beyond the border","Hanna Jarzabek","","BeyondTheBorder_005.jpg","https://res.cloudinary.com/dz1n0g9yg/image/upload/v1780423290/FemReptes/Zampa_2026/zp_proj_1780223127861/htwo4kvxoecmqpy73vfp.jpg"
"zp_proj_1780223127861","Beyond the border","Hanna Jarzabek","","BeyondTheBorder_004.jpg","https://res.cloudinary.com/dz1n0g9yg/image/upload/v1780423288/FemReptes/Zampa_2026/zp_proj_1780223127861/ps9n7u11lxvg2f9trd6j.jpg"
"zp_proj_1780223127861","Beyond the border","Hanna Jarzabek","","BeyondTheBorder_003.jpg","https://res.cloudinary.com/dz1n0g9yg/image/upload/v1780423286/FemReptes/Zampa_2026/zp_proj_1780223127861/ej0abko8uif3l59i4yj9.jpg"
"zp_proj_1780223127861","Beyond the border","Hanna Jarzabek","","BeyondTheBorder_002.jpg","https://res.cloudinary.com/dz1n0g9yg/image/upload/v1780423284/FemReptes/Zampa_2026/zp_proj_1780223127861/bmmcchj2fmkn4qvj0hm2.jpg"
"zp_proj_1780223127861","Beyond the border","Hanna Jarzabek","","BeyondTheBorder_001.jpg","https://res.cloudinary.com/dz1n0g9yg/image/upload/v1780423281/FemReptes/Zampa_2026/zp_proj_1780223127861/uz7uh8ihnk9nahljbtce.jpg"
"zp_proj_1780223087506","La Pérdida","George Ramos","","LA PÉRDIDA_018.jpg","https://res.cloudinary.com/dz1n0g9yg/image/upload/v1780423206/FemReptes/Zampa_2026/zp_proj_1780223087506/zbzcqnv65ytnw9aipept.jpg"
"zp_proj_1780223087506","La Pérdida","George Ramos","","LA PÉRDIDA_017.jpg","https://res.cloudinary.com/dz1n0g9yg/image/upload/v1780423204/FemReptes/Zampa_2026/zp_proj_1780223087506/fh46whz6qah4nbsicz29.jpg"
"zp_proj_1780223087506","La Pérdida","George Ramos","","LA PÉRDIDA_016.jpg","https://res.cloudinary.com/dz1n0g9yg/image/upload/v1780423203/FemReptes/Zampa_2026/zp_proj_1780223087506/iwkdgisybr3etvnqhe4u.jpg"
"zp_proj_1780223087506","La Pérdida","George Ramos","","LA PÉRDIDA_015.jpg","https://res.cloudinary.com/dz1n0g9yg/image/upload/v1780423201/FemReptes/Zampa_2026/zp_proj_1780223087506/oyxh9kkeanmxm3ochxn7.jpg"
"zp_proj_1780223087506","La Pérdida","George Ramos","","LA PÉRDIDA_014.jpg","https://res.cloudinary.com/dz1n0g9yg/image/upload/v1780423200/FemReptes/Zampa_2026/zp_proj_1780223087506/ejoqtucc5yctfymf2uj6.jpg"
"zp_proj_1780223160040","Drought","Javier Arcenillas","","DROUGHT_12.jpg","https://res.cloudinary.com/dz1n0g9yg/image/upload/v1780423372/FemReptes/Zampa_2026/zp_proj_1780223160040/jhcz4hn1qa1upm8swqvz.jpg"
"zp_proj_1780223160040","Drought","Javier Arcenillas","","DROUGHT_11.jpg","https://res.cloudinary.com/dz1n0g9yg/image/upload/v1780423370/FemReptes/Zampa_2026/zp_proj_1780223160040/rro4erl6vxidtzuxajol.jpg"
"zp_proj_1780223160040","Drought","Javier Arcenillas","","DROUGHT_10.jpg","https://res.cloudinary.com/dz1n0g9yg/image/upload/v1780423368/FemReptes/Zampa_2026/zp_proj_1780223160040/hdxe3czbhxauxrjwmr4z.jpg"
"zp_proj_1780223160040","Drought","Javier Arcenillas","","DROUGHT_09.jpg","https://res.cloudinary.com/dz1n0g9yg/image/upload/v1780423367/FemReptes/Zampa_2026/zp_proj_1780223160040/dz9ieapvlcy0x1i14kvq.jpg"
"zp_proj_1780223160040","Drought","Javier Arcenillas","","DROUGHT_08.jpg","https://res.cloudinary.com/dz1n0g9yg/image/upload/v1780423365/FemReptes/Zampa_2026/zp_proj_1780223160040/ijdiq240rezr5mcrn3ub.jpg"
"zp_proj_1780223160040","Drought","Javier Arcenillas","","DROUGHT_07.jpg","https://res.cloudinary.com/dz1n0g9yg/image/upload/v1780423364/FemReptes/Zampa_2026/zp_proj_1780223160040/ixbfyr1qggckkwgurnwv.jpg"
"zp_proj_1780223160040","Drought","Javier Arcenillas","","DROUGHT_06.jpg","https://res.cloudinary.com/dz1n0g9yg/image/upload/v1780423362/FemReptes/Zampa_2026/zp_proj_1780223160040/suoufq5avkcxyuxgojae.jpg"
"zp_proj_1780223160040","Drought","Javier Arcenillas","","DROUGHT_05.jpg","https://res.cloudinary.com/dz1n0g9yg/image/upload/v1780423360/FemReptes/Zampa_2026/zp_proj_1780223160040/py1h4jxncogjci7tbiih.jpg"
"zp_proj_1780223160040","Drought","Javier Arcenillas","","DROUGHT_04.jpg","https://res.cloudinary.com/dz1n0g9yg/image/upload/v1780423359/FemReptes/Zampa_2026/zp_proj_1780223160040/yotne2idfzbbtqgpmzor.jpg"
"zp_proj_1780223160040","Drought","Javier Arcenillas","","DROUGHT_03.jpg","https://res.cloudinary.com/dz1n0g9yg/image/upload/v1780423356/FemReptes/Zampa_2026/zp_proj_1780223160040/dw6i5ql6bhdo8jlfi7qr.jpg"
"zp_proj_1780223160040","Drought","Javier Arcenillas","","DROUGHT_02.jpg","https://res.cloudinary.com/dz1n0g9yg/image/upload/v1780423355/FemReptes/Zampa_2026/zp_proj_1780223160040/wtiic32enn0aee43ys33.jpg"
"zp_proj_1780223160040","Drought","Javier Arcenillas","","DROUGHT_01.jpg","https://res.cloudinary.com/dz1n0g9yg/image/upload/v1780423353/FemReptes/Zampa_2026/zp_proj_1780223160040/xceesrjl0t2ffxjgrqa1.jpg"
"zp_proj_1780223160040","Drought","Javier Arcenillas","","DROUGHT_19.jpg","https://res.cloudinary.com/dz1n0g9yg/image/upload/v1780423383/FemReptes/Zampa_2026/zp_proj_1780223160040/vnhgtafsolrnhbdlpdzs.jpg"
"zp_proj_1780223160040","Drought","Javier Arcenillas","","DROUGHT_18.jpg","https://res.cloudinary.com/dz1n0g9yg/image/upload/v1780423381/FemReptes/Zampa_2026/zp_proj_1780223160040/szvm2j4sucwvnn1z2wun.jpg"
"zp_proj_1780223160040","Drought","Javier Arcenillas","","DROUGHT_17.jpg","https://res.cloudinary.com/dz1n0g9yg/image/upload/v1780423380/FemReptes/Zampa_2026/zp_proj_1780223160040/syyhy8xa0us97zbmgyvw.jpg"
"zp_proj_1780223160040","Drought","Javier Arcenillas","","DROUGHT_16.jpg","https://res.cloudinary.com/dz1n0g9yg/image/upload/v1780423378/FemReptes/Zampa_2026/zp_proj_1780223160040/vcjtfbbaseqtijbteuux.jpg"
"zp_proj_1780223160040","Drought","Javier Arcenillas","","DROUGHT_15.jpg","https://res.cloudinary.com/dz1n0g9yg/image/upload/v1780423377/FemReptes/Zampa_2026/zp_proj_1780223160040/si9qhnxwr6zui1nphyvx.jpg"
"zp_proj_1780223160040","Drought","Javier Arcenillas","","DROUGHT_14.jpg","https://res.cloudinary.com/dz1n0g9yg/image/upload/v1780423375/FemReptes/Zampa_2026/zp_proj_1780223160040/rzimddbj8lzxvvmjkikf.jpg"
"zp_proj_1780223160040","Drought","Javier Arcenillas","","DROUGHT_13.jpg","https://res.cloudinary.com/dz1n0g9yg/image/upload/v1780423373/FemReptes/Zampa_2026/zp_proj_1780223160040/v5bibvspu1kgysdeghpl.jpg"
"zp_proj_1780223180310","War ongoing","José Colon","","War, Ongoing  28.jpg","https://res.cloudinary.com/dz1n0g9yg/image/upload/v1780423430/FemReptes/Zampa_2026/zp_proj_1780223180310/va48xqhjabmjrzyb7c5i.jpg"
"zp_proj_1780223180310","War ongoing","José Colon","","War, Ongoing  27.jpg","https://res.cloudinary.com/dz1n0g9yg/image/upload/v1780423429/FemReptes/Zampa_2026/zp_proj_1780223180310/xaslnmnnbgedvrfcmgp2.jpg"
"zp_proj_1780223180310","War ongoing","José Colon","","War, Ongoing  26.jpg","https://res.cloudinary.com/dz1n0g9yg/image/upload/v1780423428/FemReptes/Zampa_2026/zp_proj_1780223180310/omeflfcemmxfdhdasbrk.jpg"
"zp_proj_1780223180310","War ongoing","José Colon","","War, Ongoing  25.jpg","https://res.cloudinary.com/dz1n0g9yg/image/upload/v1780423426/FemReptes/Zampa_2026/zp_proj_1780223180310/f2m59uwty9mtd880rtrj.jpg"
"zp_proj_1780223180310","War ongoing","José Colon","","War, Ongoing  24.jpg","https://res.cloudinary.com/dz1n0g9yg/image/upload/v1780423424/FemReptes/Zampa_2026/zp_proj_1780223180310/smzbkbxjdk0zgrn8crd2.jpg"
"zp_proj_1780223180310","War ongoing","José Colon","","War, Ongoing  23.jpg","https://res.cloudinary.com/dz1n0g9yg/image/upload/v1780423423/FemReptes/Zampa_2026/zp_proj_1780223180310/y4gtl3f6apomkk3zry2w.jpg"
"zp_proj_1780223180310","War ongoing","José Colon","","War, Ongoing  22.jpg","https://res.cloudinary.com/dz1n0g9yg/image/upload/v1780423421/FemReptes/Zampa_2026/zp_proj_1780223180310/ybt71haghuxbyajw5fry.jpg"
"zp_proj_1780223180310","War ongoing","José Colon","","War, Ongoing  21.jpg","https://res.cloudinary.com/dz1n0g9yg/image/upload/v1780423420/FemReptes/Zampa_2026/zp_proj_1780223180310/dmcmbmeqnvrjsdibfnzp.jpg"
"zp_proj_1780223180310","War ongoing","José Colon","","War, Ongoing  20.jpg","https://res.cloudinary.com/dz1n0g9yg/image/upload/v1780423419/FemReptes/Zampa_2026/zp_proj_1780223180310/qav0f4nopbhrpgaeuzbw.jpg"
"zp_proj_1780223180310","War ongoing","José Colon","","War, Ongoing  19.jpg","https://res.cloudinary.com/dz1n0g9yg/image/upload/v1780423418/FemReptes/Zampa_2026/zp_proj_1780223180310/ktfldappyth785cwnyoh.jpg"
"zp_proj_1780223180310","War ongoing","José Colon","","War, Ongoing  18.jpg","https://res.cloudinary.com/dz1n0g9yg/image/upload/v1780423415/FemReptes/Zampa_2026/zp_proj_1780223180310/a2s4vwk5sfaeemwehanc.jpg"
"zp_proj_1780223180310","War ongoing","José Colon","","War, Ongoing  17.jpg","https://res.cloudinary.com/dz1n0g9yg/image/upload/v1780423414/FemReptes/Zampa_2026/zp_proj_1780223180310/rg1snlsi5pmlfzygavzj.jpg"
"zp_proj_1780223180310","War ongoing","José Colon","","War, Ongoing  16.jpg","https://res.cloudinary.com/dz1n0g9yg/image/upload/v1780423413/FemReptes/Zampa_2026/zp_proj_1780223180310/wr9jjlcllmknfu789ect.jpg"
"zp_proj_1780223180310","War ongoing","José Colon","","War, Ongoing  15.jpg","https://res.cloudinary.com/dz1n0g9yg/image/upload/v1780423412/FemReptes/Zampa_2026/zp_proj_1780223180310/jiphjjlyhbv3gtfwybqd.jpg"
"zp_proj_1780223180310","War ongoing","José Colon","","War, Ongoing  14.jpg","https://res.cloudinary.com/dz1n0g9yg/image/upload/v1780423411/FemReptes/Zampa_2026/zp_proj_1780223180310/kdsanngp628hhauo5xdn.jpg"
"zp_proj_1780223180310","War ongoing","José Colon","","War, Ongoing  13.jpg","https://res.cloudinary.com/dz1n0g9yg/image/upload/v1780423410/FemReptes/Zampa_2026/zp_proj_1780223180310/kh91i8iuuail2lmqkc8w.jpg"
"zp_proj_1780223180310","War ongoing","José Colon","","War, Ongoing  12.jpg","https://res.cloudinary.com/dz1n0g9yg/image/upload/v1780423409/FemReptes/Zampa_2026/zp_proj_1780223180310/k2l7vvlwp5j6sgmsyjcb.jpg"
"zp_proj_1780223180310","War ongoing","José Colon","","War, Ongoing  11.jpg","https://res.cloudinary.com/dz1n0g9yg/image/upload/v1780423408/FemReptes/Zampa_2026/zp_proj_1780223180310/tmmiafsdy4bzvxyjxwfw.jpg"
"zp_proj_1780223180310","War ongoing","José Colon","","War, Ongoing  10.jpg","https://res.cloudinary.com/dz1n0g9yg/image/upload/v1780423407/FemReptes/Zampa_2026/zp_proj_1780223180310/yoazrk2tzbxzircwapr0.jpg"
"zp_proj_1780223246195","Until the corn grows back","Lys Arango","","UntilTheCornGrowsBack-08.jpg","https://res.cloudinary.com/dz1n0g9yg/image/upload/v1780423466/FemReptes/Zampa_2026/zp_proj_1780223246195/yrrwbzfysv8khwiq4zfn.jpg"
"zp_proj_1780223246195","Until the corn grows back","Lys Arango","","UntilTheCornGrowsBack-07.jpg","https://res.cloudinary.com/dz1n0g9yg/image/upload/v1780423465/FemReptes/Zampa_2026/zp_proj_1780223246195/ccfpnwnhrjwu74dqaavo.jpg"
"zp_proj_1780223246195","Until the corn grows back","Lys Arango","","UntilTheCornGrowsBack-06.jpg","https://res.cloudinary.com/dz1n0g9yg/image/upload/v1780423463/FemReptes/Zampa_2026/zp_proj_1780223246195/sdmyyjxv42sa6aev4kci.jpg"
"zp_proj_1780223246195","Until the corn grows back","Lys Arango","","UntilTheCornGrowsBack-05.jpg","https://res.cloudinary.com/dz1n0g9yg/image/upload/v1780423462/FemReptes/Zampa_2026/zp_proj_1780223246195/xbkte9earnfbsqcb0qjo.jpg"
"zp_proj_1780223246195","Until the corn grows back","Lys Arango","","UntilTheCornGrowsBack-04.jpg","https://res.cloudinary.com/dz1n0g9yg/image/upload/v1780423460/FemReptes/Zampa_2026/zp_proj_1780223246195/atrgfvcq1nchciwuxaxj.jpg"
"zp_proj_1780223246195","Until the corn grows back","Lys Arango","","UntilTheCornGrowsBack-03.jpg","https://res.cloudinary.com/dz1n0g9yg/image/upload/v1780423459/FemReptes/Zampa_2026/zp_proj_1780223246195/ixhzpm2vr7t1bdnsigcx.jpg"
"zp_proj_1780223246195","Until the corn grows back","Lys Arango","","UntilTheCornGrowsBack-02.jpg","https://res.cloudinary.com/dz1n0g9yg/image/upload/v1780423457/FemReptes/Zampa_2026/zp_proj_1780223246195/idnezmu3geg0xmy2ir2d.jpg"
"zp_proj_1780223246195","Until the corn grows back","Lys Arango","","UntilTheCornGrowsBack-01.jpg","https://res.cloudinary.com/dz1n0g9yg/image/upload/v1780423455/FemReptes/Zampa_2026/zp_proj_1780223246195/vsum6i06ftqrqntvxmis.jpg"
"zp_proj_1780223277435","Europa fortalesa","Sergi Càmara","","0014  europa fortaleza.jpg","https://res.cloudinary.com/dz1n0g9yg/image/upload/v1780423533/FemReptes/Zampa_2026/zp_proj_1780223277435/vneneo6ifbworrut6cq0.jpg"
"zp_proj_1780223277435","Europa fortalesa","Sergi Càmara","","0013 europa fortaleza.jpg","https://res.cloudinary.com/dz1n0g9yg/image/upload/v1780423532/FemReptes/Zampa_2026/zp_proj_1780223277435/hqnqbng7utc5hcfcc73v.jpg"
"zp_proj_1780223277435","Europa fortalesa","Sergi Càmara","","0012 europa fortaleza.jpg","https://res.cloudinary.com/dz1n0g9yg/image/upload/v1780423531/FemReptes/Zampa_2026/zp_proj_1780223277435/gufsxbgwyuri1mdyivpx.jpg"
"zp_proj_1780223277435","Europa fortalesa","Sergi Càmara","","0011 europa fortaleza.jpg","https://res.cloudinary.com/dz1n0g9yg/image/upload/v1780423530/FemReptes/Zampa_2026/zp_proj_1780223277435/rnarqavvfvbabwn3ifnf.jpg"
"zp_proj_1780223277435","Europa fortalesa","Sergi Càmara","","0010 europa fortaleza.jpg","https://res.cloudinary.com/dz1n0g9yg/image/upload/v1780423528/FemReptes/Zampa_2026/zp_proj_1780223277435/s7teytphcygiakpolfla.jpg"
"zp_proj_1780223277435","Europa fortalesa","Sergi Càmara","","009 europa fortaleza.jpg","https://res.cloudinary.com/dz1n0g9yg/image/upload/v1780423526/FemReptes/Zampa_2026/zp_proj_1780223277435/ckpyxroxzyk9bgczizjh.jpg"
"zp_proj_1780223277435","Europa fortalesa","Sergi Càmara","","008 europa fortaleza.jpg","https://res.cloudinary.com/dz1n0g9yg/image/upload/v1780423525/FemReptes/Zampa_2026/zp_proj_1780223277435/k6bz8exvtc1wx1fjhvvz.jpg"
"zp_proj_1780223277435","Europa fortalesa","Sergi Càmara","","007 europa fortaleza.jpg","https://res.cloudinary.com/dz1n0g9yg/image/upload/v1780423524/FemReptes/Zampa_2026/zp_proj_1780223277435/yevgdmimmdi7a1ajm9hf.jpg"
"zp_proj_1780223277435","Europa fortalesa","Sergi Càmara","","006a europa fortaleza.jpg","https://res.cloudinary.com/dz1n0g9yg/image/upload/v1780423523/FemReptes/Zampa_2026/zp_proj_1780223277435/o7yyzpxhcezercnzfrto.jpg"
"zp_proj_1780223277435","Europa fortalesa","Sergi Càmara","","005 europa fortaleza.jpg","https://res.cloudinary.com/dz1n0g9yg/image/upload/v1780423522/FemReptes/Zampa_2026/zp_proj_1780223277435/emhhv0yzel7r2ub48rkm.jpg"
"zp_proj_1780223277435","Europa fortalesa","Sergi Càmara","","004 europa fortaleza.jpg","https://res.cloudinary.com/dz1n0g9yg/image/upload/v1780423521/FemReptes/Zampa_2026/zp_proj_1780223277435/e65aesjihprdnmge3fnn.jpg"
"zp_proj_1780223277435","Europa fortalesa","Sergi Càmara","","003 europa fortaleza.jpg","https://res.cloudinary.com/dz1n0g9yg/image/upload/v1780423520/FemReptes/Zampa_2026/zp_proj_1780223277435/hjlzryolk08uybbtily8.jpg"
"zp_proj_1780223277435","Europa fortalesa","Sergi Càmara","","002 europa fortaleza.jpg","https://res.cloudinary.com/dz1n0g9yg/image/upload/v1780423518/FemReptes/Zampa_2026/zp_proj_1780223277435/ossrg5xglxi6gpxxa6ml.jpg"
"zp_proj_1780223277435","Europa fortalesa","Sergi Càmara","","001 europa fortaleza.jpg","https://res.cloudinary.com/dz1n0g9yg/image/upload/v1780423517/FemReptes/Zampa_2026/zp_proj_1780223277435/toef1hkuupryik6tagqr.jpg"
"zp_proj_1780223246195","Until the corn grows back","Lys Arango","","UntilTheCornGrowsBack-20.jpg","https://res.cloudinary.com/dz1n0g9yg/image/upload/v1780423488/FemReptes/Zampa_2026/zp_proj_1780223246195/op6azd8ztniqcjenwqht.jpg"
"zp_proj_1780223246195","Until the corn grows back","Lys Arango","","UntilTheCornGrowsBack-19.jpg","https://res.cloudinary.com/dz1n0g9yg/image/upload/v1780423487/FemReptes/Zampa_2026/zp_proj_1780223246195/z3ohkgtvggxoijj5zwle.jpg"
"zp_proj_1780223246195","Until the corn grows back","Lys Arango","","UntilTheCornGrowsBack-18.jpg","https://res.cloudinary.com/dz1n0g9yg/image/upload/v1780423486/FemReptes/Zampa_2026/zp_proj_1780223246195/r5jkfojxsi4ijfvnb8hd.jpg"
"zp_proj_1780223246195","Until the corn grows back","Lys Arango","","UntilTheCornGrowsBack-17.jpg","https://res.cloudinary.com/dz1n0g9yg/image/upload/v1780423485/FemReptes/Zampa_2026/zp_proj_1780223246195/sd0yib2eejccctlgswmb.jpg"
"zp_proj_1780223246195","Until the corn grows back","Lys Arango","","UntilTheCornGrowsBack-16.jpg","https://res.cloudinary.com/dz1n0g9yg/image/upload/v1780423483/FemReptes/Zampa_2026/zp_proj_1780223246195/zj6algkduaaps9o81w0j.jpg"
"zp_proj_1780223246195","Until the corn grows back","Lys Arango","","UntilTheCornGrowsBack-15.jpg","https://res.cloudinary.com/dz1n0g9yg/image/upload/v1780423480/FemReptes/Zampa_2026/zp_proj_1780223246195/j09y9ypiwxiyghw3bpmv.jpg"
"zp_proj_1780223246195","Until the corn grows back","Lys Arango","","UntilTheCornGrowsBack-14.jpg","https://res.cloudinary.com/dz1n0g9yg/image/upload/v1780423478/FemReptes/Zampa_2026/zp_proj_1780223246195/gzzv888kzbzxxc3cdudw.jpg"
"zp_proj_1780223246195","Until the corn grows back","Lys Arango","","UntilTheCornGrowsBack-13.jpg","https://res.cloudinary.com/dz1n0g9yg/image/upload/v1780423476/FemReptes/Zampa_2026/zp_proj_1780223246195/uoxfvwiuez4vcncqrlaz.jpg"
"zp_proj_1780223246195","Until the corn grows back","Lys Arango","","UntilTheCornGrowsBack-12.jpg","https://res.cloudinary.com/dz1n0g9yg/image/upload/v1780423474/FemReptes/Zampa_2026/zp_proj_1780223246195/cmeeyra3xtxeaksfljgm.jpg"
"zp_proj_1780223246195","Until the corn grows back","Lys Arango","","UntilTheCornGrowsBack-11.jpg","https://res.cloudinary.com/dz1n0g9yg/image/upload/v1780423472/FemReptes/Zampa_2026/zp_proj_1780223246195/rwxqmioj9sblanflnole.jpg"
"zp_proj_1780223246195","Until the corn grows back","Lys Arango","","UntilTheCornGrowsBack-10.jpg","https://res.cloudinary.com/dz1n0g9yg/image/upload/v1780423470/FemReptes/Zampa_2026/zp_proj_1780223246195/cksyt9jrynnhadxefsnw.jpg"
"zp_proj_1780223246195","Until the corn grows back","Lys Arango","","UntilTheCornGrowsBack-09.jpg","https://res.cloudinary.com/dz1n0g9yg/image/upload/v1780423468/FemReptes/Zampa_2026/zp_proj_1780223246195/tmtetwlywxrql7krcwds.jpg"
"zp_proj_1780223322470","Reviviscencia","Sergio Beleña Fernandez","","Reviviscencia_007.jpg","https://res.cloudinary.com/dz1n0g9yg/image/upload/v1780423571/FemReptes/Zampa_2026/zp_proj_1780223322470/zra32vxy38dzxwogirmn.jpg"
"zp_proj_1780223322470","Reviviscencia","Sergio Beleña Fernandez","","Reviviscencia_006.jpg","https://res.cloudinary.com/dz1n0g9yg/image/upload/v1780423569/FemReptes/Zampa_2026/zp_proj_1780223322470/woe2rknbmwxskih8msd1.jpg"
"zp_proj_1780223322470","Reviviscencia","Sergio Beleña Fernandez","","Reviviscencia_005.jpg","https://res.cloudinary.com/dz1n0g9yg/image/upload/v1780423568/FemReptes/Zampa_2026/zp_proj_1780223322470/clbabxdspjktfht1puc2.jpg"
"zp_proj_1780223322470","Reviviscencia","Sergio Beleña Fernandez","","Reviviscencia_004.jpg","https://res.cloudinary.com/dz1n0g9yg/image/upload/v1780423567/FemReptes/Zampa_2026/zp_proj_1780223322470/w9t4bpet3mvdclilga2v.jpg"
"zp_proj_1780223322470","Reviviscencia","Sergio Beleña Fernandez","","Reviviscencia_003.jpg","https://res.cloudinary.com/dz1n0g9yg/image/upload/v1780423566/FemReptes/Zampa_2026/zp_proj_1780223322470/qq5x2yww3tvmas8p6axl.jpg"
"zp_proj_1780223322470","Reviviscencia","Sergio Beleña Fernandez","","Reviviscencia_002.jpg","https://res.cloudinary.com/dz1n0g9yg/image/upload/v1780423565/FemReptes/Zampa_2026/zp_proj_1780223322470/stz8zmeafyrrlmmc9pd8.jpg"
"zp_proj_1780223322470","Reviviscencia","Sergio Beleña Fernandez","","Reviviscencia_001.jpg","https://res.cloudinary.com/dz1n0g9yg/image/upload/v1780423564/FemReptes/Zampa_2026/zp_proj_1780223322470/llir0xlqwqhmg9vokegi.jpg"
"zp_proj_1780223353083","Rojava. Dones entre guerres","Victoria Rovira","","Rojava.Dones_entre_guerres_016.jpg","https://res.cloudinary.com/dz1n0g9yg/image/upload/v1780423640/FemReptes/Zampa_2026/zp_proj_1780223353083/vz8d1upurjsjbgb7rmq0.jpg"
"zp_proj_1780223277435","Europa fortalesa","Sergi Càmara","","0015 europa fortaleza.jpg","https://res.cloudinary.com/dz1n0g9yg/image/upload/v1780423535/FemReptes/Zampa_2026/zp_proj_1780223277435/pwbml2ydcvf6imcfwuxe.jpg"
"zp_proj_1780223127861","Beyond the border","Hanna Jarzabek","","BeyondTheBorder_018.jpg","https://res.cloudinary.com/dz1n0g9yg/image/upload/v1780423315/FemReptes/Zampa_2026/zp_proj_1780223127861/rgycgkkq5lkkrvhahh5t.jpg"
"zp_proj_1780223087506","La Pérdida","George Ramos","","WhatsApp Image 2026-06-05 at 08.41.11.jpeg","https://res.cloudinary.com/dz1n0g9yg/image/upload/v1780644761/FemReptes/Zampa_2026/zp_proj_1780223087506/btzkoatpkkz5lr3mc3kk.jpg"
"zp_proj_1780223277435","Europa fortalesa","Sergi Càmara","","WhatsApp Image 2026-06-05 at 08.40.08.jpeg","https://res.cloudinary.com/dz1n0g9yg/image/upload/v1780644577/FemReptes/Zampa_2026/zp_proj_1780223277435/nkaytn6w6rbzgzlmlx71.jpg"
"zp_proj_1780223127861","Beyond the border","Hanna Jarzabek","","WhatsApp Image 2026-06-05 at 08.40.43.jpeg","https://res.cloudinary.com/dz1n0g9yg/image/upload/v1780644701/FemReptes/Zampa_2026/zp_proj_1780223127861/ubro7ey1au5e9tuyatin.jpg"
"zp_proj_1780223087506","La Pérdida","George Ramos","","LA PÉRDIDA_013.jpg","https://res.cloudinary.com/dz1n0g9yg/image/upload/v1780423198/FemReptes/Zampa_2026/zp_proj_1780223087506/st8accshdtkgnuud6eg3.jpg"
"zp_proj_1780223160040","Drought","Javier Arcenillas","","DROUGHT_20.jpg","https://res.cloudinary.com/dz1n0g9yg/image/upload/v1780423385/FemReptes/Zampa_2026/zp_proj_1780223160040/dr1cbtgfyu5xlpycyzng.jpg"
"zp_proj_1780223160040","Drought","Javier Arcenillas","","WhatsApp Image 2026-06-05 at 08.41.36.jpeg","https://res.cloudinary.com/dz1n0g9yg/image/upload/v1780644820/FemReptes/Zampa_2026/zp_proj_1780223160040/egpcyku2ayn0tpsxjpib.jpg"
"zp_proj_1780223353083","Rojava. Dones entre guerres","Victoria Rovira","","Rojava.Dones_entre_guerres_015.jpg","https://res.cloudinary.com/dz1n0g9yg/image/upload/v1780423639/FemReptes/Zampa_2026/zp_proj_1780223353083/ugv5vontvxsiwawx3n3h.jpg"
"zp_proj_1780223353083","Rojava. Dones entre guerres","Victoria Rovira","","Rojava.Dones_entre_guerres_014.jpg","https://res.cloudinary.com/dz1n0g9yg/image/upload/v1780423637/FemReptes/Zampa_2026/zp_proj_1780223353083/veq6higch6rtktgms2ld.jpg"
"zp_proj_1780223353083","Rojava. Dones entre guerres","Victoria Rovira","","Rojava.Dones_entre_guerres_013.jpg","https://res.cloudinary.com/dz1n0g9yg/image/upload/v1780423636/FemReptes/Zampa_2026/zp_proj_1780223353083/guwlmlpi6s59usxfcfxz.jpg"
"zp_proj_1780223353083","Rojava. Dones entre guerres","Victoria Rovira","","Rojava.Dones_entre_guerres_012.jpg","https://res.cloudinary.com/dz1n0g9yg/image/upload/v1780423634/FemReptes/Zampa_2026/zp_proj_1780223353083/kqrlyebwhlqmpiisubcf.jpg"
"zp_proj_1780223353083","Rojava. Dones entre guerres","Victoria Rovira","","Rojava.Dones_entre_guerres_011.jpg","https://res.cloudinary.com/dz1n0g9yg/image/upload/v1780423633/FemReptes/Zampa_2026/zp_proj_1780223353083/xfwb6lxe8qjspino4r1a.jpg"
"zp_proj_1780223353083","Rojava. Dones entre guerres","Victoria Rovira","","Rojava.Dones_entre_guerres_010.jpg","https://res.cloudinary.com/dz1n0g9yg/image/upload/v1780423631/FemReptes/Zampa_2026/zp_proj_1780223353083/pzr38mcoe01rcbc3fjt3.jpg"
"zp_proj_1780223353083","Rojava. Dones entre guerres","Victoria Rovira","","Rojava.Dones_entre_guerres_009.jpg","https://res.cloudinary.com/dz1n0g9yg/image/upload/v1780423629/FemReptes/Zampa_2026/zp_proj_1780223353083/c8n0brwnm2vajpily9tn.jpg"
"zp_proj_1780223353083","Rojava. Dones entre guerres","Victoria Rovira","","Rojava.Dones_entre_guerres_008.jpg","https://res.cloudinary.com/dz1n0g9yg/image/upload/v1780423628/FemReptes/Zampa_2026/zp_proj_1780223353083/sushevvc02yglpr2ejwi.jpg"
"zp_proj_1780223353083","Rojava. Dones entre guerres","Victoria Rovira","","Rojava.Dones_entre_guerres_007.jpg","https://res.cloudinary.com/dz1n0g9yg/image/upload/v1780423626/FemReptes/Zampa_2026/zp_proj_1780223353083/yxf7ofmnsht9e7kyg1nw.jpg"
"zp_proj_1780223353083","Rojava. Dones entre guerres","Victoria Rovira","","Rojava.Dones_entre_guerres_006.jpg","https://res.cloudinary.com/dz1n0g9yg/image/upload/v1780423623/FemReptes/Zampa_2026/zp_proj_1780223353083/fjpqnvaw0oaq8djlvxvt.jpg"
"zp_proj_1780223353083","Rojava. Dones entre guerres","Victoria Rovira","","Rojava.Dones_entre_guerres_005.jpg","https://res.cloudinary.com/dz1n0g9yg/image/upload/v1780423621/FemReptes/Zampa_2026/zp_proj_1780223353083/aii6vvm5lmhpcfmj8kgz.jpg"
"zp_proj_1780223353083","Rojava. Dones entre guerres","Victoria Rovira","","Rojava.Dones_entre_guerres_004.jpg","https://res.cloudinary.com/dz1n0g9yg/image/upload/v1780423620/FemReptes/Zampa_2026/zp_proj_1780223353083/q2o0memtrd6npk5xxh1a.jpg"
"zp_proj_1780223353083","Rojava. Dones entre guerres","Victoria Rovira","","Rojava.Dones_entre_guerres_003.jpg","https://res.cloudinary.com/dz1n0g9yg/image/upload/v1780423618/FemReptes/Zampa_2026/zp_proj_1780223353083/zcpfapzafupitd3itau7.jpg"
"zp_proj_1780223353083","Rojava. Dones entre guerres","Victoria Rovira","","Rojava.Dones_entre_guerres_002.jpg","https://res.cloudinary.com/dz1n0g9yg/image/upload/v1780423616/FemReptes/Zampa_2026/zp_proj_1780223353083/fmevszo2osvgt30rdih2.jpg"
"zp_proj_1780223353083","Rojava. Dones entre guerres","Victoria Rovira","","Rojava.Dones_entre_guerres_001.jpg","https://res.cloudinary.com/dz1n0g9yg/image/upload/v1780423613/FemReptes/Zampa_2026/zp_proj_1780223353083/qpschjqdaoiaewsffmbk.jpg"
"zp_proj_1780223322470","Reviviscencia","Sergio Beleña Fernandez","","Reviviscencia_015.jpg","https://res.cloudinary.com/dz1n0g9yg/image/upload/v1780423584/FemReptes/Zampa_2026/zp_proj_1780223322470/pdhlg6vimxqop28ianrb.jpg"
"zp_proj_1780223322470","Reviviscencia","Sergio Beleña Fernandez","","Reviviscencia_014.jpg","https://res.cloudinary.com/dz1n0g9yg/image/upload/v1780423583/FemReptes/Zampa_2026/zp_proj_1780223322470/g4slp5onmudbmaiz9dbe.jpg"
"zp_proj_1780223322470","Reviviscencia","Sergio Beleña Fernandez","","Reviviscencia_013.jpg","https://res.cloudinary.com/dz1n0g9yg/image/upload/v1780423582/FemReptes/Zampa_2026/zp_proj_1780223322470/cwwurzfvlid1y9niiyko.jpg"
"zp_proj_1780223322470","Reviviscencia","Sergio Beleña Fernandez","","Reviviscencia_012.jpg","https://res.cloudinary.com/dz1n0g9yg/image/upload/v1780423580/FemReptes/Zampa_2026/zp_proj_1780223322470/tzenmilrtvouuqfuoq8j.jpg"
"zp_proj_1780223322470","Reviviscencia","Sergio Beleña Fernandez","","Reviviscencia_011.jpg","https://res.cloudinary.com/dz1n0g9yg/image/upload/v1780423578/FemReptes/Zampa_2026/zp_proj_1780223322470/ejcqr1p9y8iwe0wued79.jpg"
"zp_proj_1780223322470","Reviviscencia","Sergio Beleña Fernandez","","Reviviscencia_010.jpg","https://res.cloudinary.com/dz1n0g9yg/image/upload/v1780423576/FemReptes/Zampa_2026/zp_proj_1780223322470/gvxsxc44cugewkpuxukf.jpg"
"zp_proj_1780223322470","Reviviscencia","Sergio Beleña Fernandez","","Reviviscencia_009.jpg","https://res.cloudinary.com/dz1n0g9yg/image/upload/v1780423574/FemReptes/Zampa_2026/zp_proj_1780223322470/hdbu2kgy2l2413dlgx1s.jpg"
"zp_proj_1780223322470","Reviviscencia","Sergio Beleña Fernandez","","Reviviscencia_008.jpg","https://res.cloudinary.com/dz1n0g9yg/image/upload/v1780423573/FemReptes/Zampa_2026/zp_proj_1780223322470/je45dagfxchg7ethtgxk.jpg"
"zp_proj_1780223051291","Alen do Lago","Carlos Folgoso","","WhatsApp Image 2026-06-05 at 08.44.20.jpeg","https://res.cloudinary.com/dz1n0g9yg/image/upload/v1780645163/FemReptes/Zampa_2026/zp_proj_1780223051291/rsdvii8b1ltwotspfk2l.jpg"
"zp_proj_1780223353083","Rojava. Dones entre guerres","Victoria Rovira","","WhatsApp Image 2026-06-05 at 08.42.26.jpeg","https://res.cloudinary.com/dz1n0g9yg/image/upload/v1780644937/FemReptes/Zampa_2026/zp_proj_1780223353083/xsq67dhkrro4gduxoowp.jpg"
"zp_proj_1780223322470","Reviviscencia","Sergio Beleña Fernandez","","WhatsApp Image 2026-06-05 at 08.43.53.jpeg","https://res.cloudinary.com/dz1n0g9yg/image/upload/v1780645113/FemReptes/Zampa_2026/zp_proj_1780223322470/wkcf9g8djdjtfuyhihro.jpg"
"zp_proj_1780223180310","War ongoing","José Colon","","WhatsApp Image 2026-06-05 at 08.41.58.jpeg","https://res.cloudinary.com/dz1n0g9yg/image/upload/v1780644873/FemReptes/Zampa_2026/zp_proj_1780223180310/yiwpdhbiyhloeuwu3w3r.jpg"
"zp_proj_1780223027577","La herida","Álvaro Minguito Palomares","","WhatsApp Image 2026-06-05 at 08.43.22.jpeg","https://res.cloudinary.com/dz1n0g9yg/image/upload/v1780645052/FemReptes/Zampa_2026/zp_proj_1780223027577/no3o26j4s7vjij5bxrzt.jpg"
"zp_proj_1780223246195","Until the corn grows back","Lys Arango","","WhatsApp Image 2026-06-05 at 08.42.53.jpeg","https://res.cloudinary.com/dz1n0g9yg/image/upload/v1780644988/FemReptes/Zampa_2026/zp_proj_1780223246195/dgngnzqg885ddga0w0g8.jpg"
